{
  "nodes": [
    {
      "id": 0,
      "label": "SnapPoint",
      "position": [
        0.5,
        0.0678,
        0.0
      ],
      "volume_center": [
        0.5,
        0.0678,
        0.0
      ],
      "opening": [
        0.5,
        0.0678,
        0.0
      ],
      "surface": [
        0.5,
        0.0678,
        0.0
      ],
      "normal": [
        0.0,
        0.0,
        1.0
      ],
      "size": 0.041367,
      "n_vertices": 180
    },
    {
      "id": 1,
      "label": "LabelSurface",
      "position": [
        0.5,
        0.5,
        0.0
      ],
      "volume_center": [
        0.5,
        0.5,
        0.0
      ],
      "opening": [
        0.5,
        0.5,
        0.0
      ],
      "surface": [
        0.5,
        0.5,
        0.0
      ],
      "normal": [
        0.0,
        0.0,
        1.0
      ],
      "size": 0.02844,
      "n_vertices": 120
    },
    {
      "id": 2,
      "label": "Contact",
      "position": [
        0.11864,
        0.86441,
        0.0
      ],
      "volume_center": [
        0.11864,
        0.86441,
        0.0
      ],
      "opening": [
        0.11864,
        0.86441,
        0.0
      ],
      "surface": [
        0.11864,
        0.86441,
        0.0
      ],
      "normal": [
        0.0,
        0.0,
        1.0
      ],
      "size": 0.064349,
      "n_vertices": 255
    },
    {
      "id": 3,
      "label": "CableEntry",
      "position": [
        0.88136,
        0.86441,
        0.0
      ],
      "volume_center": [
        0.88136,
        0.86441,
        0.0
      ],
      "opening": [
        0.88136,
        0.86441,
        0.0
      ],
      "surface": [
        0.88136,
        0.86441,
        0.0
      ],
      "normal": [
        0.0,
        0.0,
        1.0
      ],
      "size": 0.064349,
      "n_vertices": 255
    }
  ],
  "links": [
    {
      "from": 2,
      "to": 1,
      "type": "feature_link"
    }
  ]
}